Generation,Field_Fill_Rate,Information_Volume_Chars,Shannon_Entropy
Ground Truth,1.0,2392,4.526647067029475
0,0.59375,1408,4.465257306378378
1,0.5625,1396,4.454880964778249
2,0.53125,1279,4.419943313676054
3,0.5625,1641,4.412243854874741
4,0.59375,2476,4.363053904287519
5,0.625,2461,4.404859835558878
6,0.5625,1561,4.4375666585946965
7,0.5,1835,4.438219637096722
8,0.46875,1731,4.440779334041461
9,0.5,1468,4.465096017157982
