Generation,Field_Fill_Rate,Information_Volume_Chars,Shannon_Entropy
Ground Truth,1.0,2392,4.526647067029475
0,0.78125,2413,4.4609817565483585
1,0.71875,1953,4.448224400596441
2,0.75,2433,4.44375436867594
3,0.6875,2892,4.412182301318013
4,0.6875,2247,4.424647601201144
5,0.65625,2362,4.428368255857945
6,0.6875,2586,4.423120287235162
7,0.65625,2501,4.4187086221902865
8,0.65625,2210,4.439364132718901
9,0.65625,2208,4.448204604988706
