Generation,Field_Fill_Rate,Information_Volume_Chars,Shannon_Entropy
Ground Truth,1.0,2392,4.526647067029475
0,0.15625,556,4.399595226271215
1,0.15625,704,4.3994504335369395
2,0.1875,788,4.351083831603812
3,0.21875,487,4.322847341411635
4,0.125,320,4.188729486496563
5,0.0625,112,4.142589297111149
6,0.15625,400,4.2378151466356275
7,0.09375,65,3.761259304963892
8,0.125,204,4.202755612920161
9,0.125,223,4.146349526993875
