Generation,Field_Fill_Rate,Information_Volume_Chars,Shannon_Entropy
Ground Truth,1.0,2392,4.526647067029475
0,0.875,2974,4.46901275715744
1,0.78125,2630,4.474781277800987
2,0.71875,2581,4.452918303615236
3,0.65625,2729,4.429905463803583
4,0.6875,2814,4.437768973098283
5,0.65625,2273,4.484188394795351
6,0.5625,2501,4.423574064712485
7,0.59375,2263,4.455525721598731
8,0.5625,2896,4.4197690021803036
9,0.625,2964,4.429476647080649
