Generation,Field_Fill_Rate,Information_Volume_Chars,Shannon_Entropy
Ground Truth,1.0,2392,4.526647067029475
0,0.21875,448,4.443845219095769
1,0.1875,155,4.367742873492483
2,0.15625,129,4.3174556072159485
3,0.15625,181,4.289506929322422
4,0.125,177,4.2410889075329985
5,0.15625,227,4.259279735351264
6,0.09375,147,4.233262790857165
7,0.09375,133,4.188462637831478
8,0.0625,71,4.082226168526215
9,0.09375,112,4.077636527419725
