Generation,Field_Fill_Rate,Information_Volume_Chars,Shannon_Entropy
Ground Truth,1.0,2392,4.526647067029475
0,0.15625,893,4.398262451258356
1,0.1875,621,4.41708264550297
2,0.15625,503,4.421838952636403
3,0.09375,191,4.251306100323467
4,0.125,315,4.251727575613499
5,0.09375,200,4.283811725756119
6,0.09375,218,4.333473681173367
7,0.1875,547,4.293264669842039
8,0.125,225,4.343884329617373
9,0.15625,314,4.3173853210966415
