Generation,Field_Fill_Rate,Information_Volume_Chars,Shannon_Entropy
Ground Truth,1.0,2392,4.526647067029475
0,0.65625,973,4.673601207357757
1,0.5625,1054,4.5622524381298115
2,0.46875,630,4.6847688593773436
3,0.5625,907,4.574926046747056
4,0.5,623,4.579283052969242
5,0.4375,607,4.535331704030397
6,0.53125,1011,4.477197983487492
7,0.5,1035,4.492515315745889
8,0.5625,1024,4.4643976340899405
9,0.5,788,4.468394179590748
