Generation,Field_Fill_Rate,Information_Volume_Chars,Shannon_Entropy
Ground Truth,1.0,2392,4.526647067029475
0,0.53125,1980,4.494751793744762
1,0.53125,2139,4.438778681295877
2,0.53125,1838,4.461482151887167
3,0.53125,2129,4.450532364654974
4,0.4375,2028,4.452918029019315
5,0.53125,2167,4.4253868612399705
6,0.53125,1383,4.508938443399836
7,0.53125,1664,4.473524226171771
8,0.5,2337,4.436773479756834
9,0.53125,1891,4.460956181259778
