Generation,Field_Fill_Rate,Information_Volume_Chars,Shannon_Entropy
Ground Truth,1.0,2392,4.526647067029475
0,0.21875,870,4.35717566390482
1,0.25,648,4.438852613188481
2,0.15625,750,4.365130282409761
3,0.125,577,4.392129805252218
4,0.15625,649,4.372526336801347
5,0.1875,415,4.331343284849628
6,0.125,475,4.341471323140781
7,0.125,358,4.332689953249143
8,0.15625,395,4.3967940019778515
9,0.15625,487,4.351864754397981
