Generation,Field_Fill_Rate,Information_Volume_Chars,Shannon_Entropy
Ground Truth,1.0,2392,4.526647067029475
0,0.625,2564,4.491078351931192
1,0.53125,2464,4.445492081080701
2,0.46875,2228,4.442026025581107
3,0.3125,1597,4.441875063664784
4,0.4375,1943,4.419420304122713
5,0.5,2325,4.3924161297068425
6,0.5,1596,4.417466172516587
7,0.5,1477,4.455807171866908
8,0.4375,1314,4.468517200173081
9,0.5,1330,4.449295502894485
