Generation,Field_Fill_Rate,Information_Volume_Chars,Shannon_Entropy
Ground Truth,1.0,2392,4.526647067029475
0,0.8125,2112,4.550502923346013
1,0.875,2480,4.518105413572711
2,0.78125,2237,4.482069332221728
3,0.6875,2517,4.431136520786009
4,0.75,2731,4.411630299099945
5,0.71875,2688,4.432455940873635
6,0.59375,2712,4.406250645430709
7,0.625,2581,4.422959726881784
8,0.625,2895,4.385905775651864
9,0.5625,2823,4.385697979485736
