Group,N_Samples,Agreement,Kappa,Correlation
Global (All Runs),2108,0.702561669829222,0.4553214005780932,0.8872841876546236
5 Turns,196,0.75,0.6442172334592873,0.9192269349466189
15 Turns,785,0.6738853503184713,0.47805444378358575,0.9063476578386372
25 Turns,1127,0.7142857142857143,0.3625554413792498,0.8048912829383549
