Generation,Field_Fill_Rate,Information_Volume_Chars
Ground Truth,1.0,2392
0,0.21875,326
1,0.125,137
2,0.15625,239
3,0.15625,226
4,0.15625,204
5,0.1875,128
6,0.09375,187
7,0.125,63
8,0.125,188
9,0.03125,13
