Generation,Field_Fill_Rate,Information_Volume_Chars,Shannon_Entropy
Ground Truth,1.0,2392,4.526647067029475
0,0.78125,2503,4.459093241763367
1,0.84375,3103,4.443174014485682
2,0.875,3731,4.41976361759587
3,0.75,3035,4.438306122531903
4,0.8125,4055,4.386100277133301
5,0.6875,3237,4.381480978183012
6,0.625,3020,4.3896951350227695
7,0.6875,3274,4.371275951484107
8,0.71875,3182,4.389033226545741
9,0.625,3239,4.3635168222770675
