Generation,Field_Fill_Rate,Information_Volume_Chars,Shannon_Entropy
Ground Truth,1.0,2392,4.526647067029475
0,0.90625,2938,4.470681159962463
1,0.8125,3048,4.430912984537106
2,0.75,3223,4.439628891197824
3,0.6875,3377,4.415939680071246
4,0.78125,3725,4.409049580537739
5,0.71875,3498,4.414915666081423
6,0.65625,2310,4.461609624967321
7,0.6875,2200,4.465286956492325
8,0.65625,2927,4.43132220538411
9,0.65625,2902,4.425610774765144
